subdomain,n,delta_pp,ci_lo,ci_hi,baseline_acc
Photonics,57,-5.213157894736842,-17.543859649122805,7.017543859649122,43.859649122807014
String Theory,33,-3.292424242424242,-24.24242424242424,18.181818181818183,33.33333333333333
Optics,157,-3.238216560509554,-10.191082802547774,3.821656050955413,31.210191082802545
Quantum Field Theory,107,-2.854205607476635,-12.149532710280372,5.607476635514019,28.037383177570092
Mathematics,37,-2.6472972972972966,-21.621621621621617,16.216216216216218,45.94594594594595
Quantum Chemistry,86,0.1511627906976745,-10.465116279069775,11.627906976744185,53.48837209302325
Quantum Mechanics,212,3.7306603773584905,-3.7853773584905697,11.32075471698113,44.81132075471698
Nuclear Physics,18,5.561111111111111,-16.666666666666668,27.77777777777778,27.77777777777778
Quantum Computation,60,18.09916666666667,5.000000000000004,30.000000000000004,26.666666666666668
